Time,FZ,C3,CZ,C4,PZ,PO7,OZ,PO8,AccX,AccY,AccZ,Gyro1,Gyro2,Gyro3,Battery,Counter,Validation
1043.1862538,66762.25,66853.0859375,67448.8046875,67034.2265625,66982.1875,67053.984375,67240.578125,67352.15625,0.356689453125,0.91650390625,0.230224609375,-2.044677495956421,-0.1831054538488388,0.6408690810203552,73.33333587646484,844.0,1.0
1043.1945043,64000.82421875,64090.94921875,64683.71484375,64270.8359375,64220.05078125,64290.68359375,64477.27734375,64589.21484375,0.354736328125,0.916015625,0.23193359375,-2.166747808456421,-0.1831054538488388,0.6103515028953552,73.33333587646484,845.0,1.0
1043.194512,66454.2421875,66545.4375,67140.171875,66726.3046875,66674.0078125,66745.796875,66932.125,67044.0625,0.35546875,0.91552734375,0.233642578125,-2.105712652206421,-0.2441406100988388,0.6408690810203552,73.33333587646484,846.0,1.0
1043.1963999,69671.640625,69763.640625,70361.6875,69945.8515625,69891.9375,69965.1640625,70151.21875,70263.515625,0.35400390625,0.915771484375,0.23095703125,-2.166747808456421,-0.2136230319738388,0.7934569716453552,73.33333587646484,847.0,1.0
1043.2101656,67765.0390625,67856.4140625,68452.7578125,68037.90625,67985.25,68057.3984375,68243.6328125,68355.6640625,0.354248046875,0.914306640625,0.23291015625,-2.227782964706421,-0.2746581733226776,0.9765624403953552,73.33333587646484,848.0,1.0
1043.2132303,64445.35546875,64535.66015625,65128.78515625,64715.8125,64664.4921875,64735.484375,64922.25390625,65033.74609375,0.35498046875,0.9150390625,0.229736328125,-2.258300542831421,-0.0610351525247097,1.0070799589157104,73.33333587646484,849.0,1.0
1043.2132365,66060.8515625,66151.6875,66746.15625,66332.203125,66280.34375,66352.046875,66538.4609375,66649.953125,0.35693359375,0.913818359375,0.231689453125,-2.319335699081421,-0.1831054538488388,0.9155272841453552,73.33333587646484,850.0,1.0
1043.2151611,69730.296875,69822.7421875,70420.3359375,70004.4140625,69950.7734375,70023.90625,70210.2265625,70322.078125,0.357666015625,0.911376953125,0.230224609375,-2.288818120956421,-0.0915527269244194,0.9460448622703552,73.33333587646484,851.0,1.0
1043.2189718,68719.90625,68812.0859375,69408.7890625,68993.578125,68940.203125,69012.984375,69199.21875,69311.0625,0.356689453125,0.91259765625,0.234375,-2.288818120956421,-0.0610351525247097,1.0681151151657104,73.33333587646484,852.0,1.0
1043.2332413,65063.25,65153.81640625,65747.484375,65334.2421875,65282.4765625,65353.91015625,65539.96875,65652.265625,0.358642578125,0.91259765625,0.235107421875,-2.349853277206421,-0.1831054538488388,1.0375975370407104,73.33333587646484,853.0,1.0
1043.2332478,65735.5,65826.25,66420.4453125,66007.03125,65954.90625,66026.4296875,66212.84375,66324.8671875,0.35791015625,0.9130859375,0.2333984375,-2.319335699081421,-0.1831054538488388,0.9765624403953552,73.33333587646484,854.0,1.0
1043.2357316,69619.1640625,69711.1640625,70309.296875,69893.015625,69839.546875,69912.4140625,70098.921875,70210.765625,0.356689453125,0.911376953125,0.2353515625,-2.410888433456421,-0.1831054538488388,1.0681151151657104,73.33333587646484,855.0,1.0
1043.2357382,69580.1796875,69672.359375,70270.1328125,69854.3046875,69800.65625,69873.703125,70059.84375,70171.78125,0.357666015625,0.909423828125,0.23486328125,-2.410888433456421,-0.2746581733226776,0.9460448622703552,73.33333587646484,856.0,1.0
1043.2376553,65834.5625,65925.3125,66519.5078125,66106.453125,66053.96875,66125.671875,66312.3515625,66423.84375,0.357666015625,0.90869140625,0.2353515625,-2.441406011581421,-0.2441406100988388,1.0375975370407104,73.33333587646484,857.0,1.0
1043.2570163,65522.7109375,65613.4609375,66207.4765625,65794.2421875,65742.203125,65813.375,66000.3203125,66111.90625,0.359130859375,0.90771484375,0.23779296875,-2.441406011581421,-0.2441406100988388,1.0375975370407104,73.33333587646484,858.0,1.0
1043.2570236,69366.3203125,69458.40625,70056.0,69640.2578125,69586.8828125,69659.75,69845.984375,69957.8359375,0.35986328125,0.906982421875,0.237548828125,-2.258300542831421,-0.2136230319738388,0.9460448622703552,73.33333587646484,859.0,1.0
1043.2600786,70307.1484375,70399.328125,70997.546875,70581.1796875,70527.359375,70600.7578125,70786.9921875,70898.75,0.35693359375,0.90673828125,0.238525390625,-2.258300542831421,-0.2441406100988388,0.9765624403953552,73.33333587646484,860.0,1.0
1043.2600845,66723.359375,66814.640625,67408.9296875,66994.796875,66942.4921875,67014.6484375,67201.234375,67312.546875,0.360107421875,0.906494140625,0.237060546875,-2.227782964706421,-0.2441406100988388,0.9765624403953552,73.33333587646484,861.0,1.0
1043.2600869,65451.54296875,65542.3828125,66136.21875,65722.984375,65670.59375,65742.4765625,65929.0625,66040.375,0.360595703125,0.90625,0.237060546875,-2.258300542831421,-0.1831054538488388,0.8850097060203552,73.33333587646484,862.0,1.0
1043.2626473,69006.1875,69098.0078125,69695.515625,69279.859375,69226.484375,69299.171875,69485.765625,69597.703125,0.360107421875,0.90625,0.24072265625,-2.258300542831421,-0.1831054538488388,0.8850097060203552,73.33333587646484,863.0,1.0
1043.2676629,70869.4296875,70961.875,71561.171875,71143.8203125,71090.265625,71163.0390625,71349.9921875,71461.9296875,0.35986328125,0.9072265625,0.240966796875,-2.288818120956421,-0.1525878757238388,0.8850097060203552,73.33333587646484,864.0,1.0
1043.2701526,67688.6875,67780.328125,68377.03125,67961.9140625,67908.625,67980.6875,68167.640625,68279.3984375,0.35986328125,0.904052734375,0.240478515625,-2.197265386581421,-0.1525878757238388,0.9155272841453552,73.33333587646484,865.0,1.0
1043.2789767,65552.125,65642.78125,66237.4296875,65824.015625,65771.4453125,65842.6953125,66029.828125,66141.5859375,0.359619140625,0.90234375,0.241455078125,-2.136230230331421,-0.1220703050494194,0.9460448622703552,73.33333587646484,866.0,1.0
1043.2863314,68590.890625,68682.53125,69279.5,68863.9375,68810.921875,68883.25,69069.3984375,69181.6953125,0.360595703125,0.9033203125,0.243408203125,-2.044677495956421,-0.1831054538488388,0.7324218153953552,73.33333587646484,867.0,1.0
1043.2863387,71252.625,71344.890625,71944.1015625,71526.9296875,71473.5546875,71546.4140625,71732.6484375,71845.0390625,0.361328125,0.905029296875,0.242431640625,-2.136230230331421,-0.2746581733226776,0.7019042372703552,73.33333587646484,868.0,1.0
1043.2863425,68688.96875,68780.4375,69377.40625,68961.75,68909.5390625,68981.6015625,69167.7421875,69279.6796875,0.3623046875,0.904296875,0.24072265625,-1.9836424589157104,-0.2746581733226776,0.7019042372703552,73.33333587646484,869.0,1.0
1043.2887663,65831.34375,65921.6484375,66516.2890625,66102.515625,66050.65625,66121.828125,66308.6015625,66420.1796875,0.362060546875,0.90576171875,0.24267578125,-1.8920897245407104,-0.2441406100988388,0.7934569716453552,73.33333587646484,870.0,1.0
1043.2964215,68158.1640625,68249.0859375,68845.703125,68430.671875,68377.65625,68449.4453125,68636.3125,68748.515625,0.361328125,0.90576171875,0.240234375,-1.9226073026657104,-0.2136230319738388,0.7324218153953552,73.33333587646484,871.0,1.0
1043.310731,71452.984375,71545.5234375,72145.0,71727.9140625,71673.5546875,71746.6875,71933.546875,72046.0234375,0.3623046875,0.90478515625,0.2373046875,-1.8615721464157104,-0.2136230319738388,0.6713866591453552,73.33333587646484,872.0,1.0
1043.3107384,69681.03125,69773.2109375,70371.0703125,69954.796875,69901.328125,69973.75,70161.0546875,70272.90625,0.3623046875,0.90380859375,0.2373046875,-1.9836424589157104,-0.2441406100988388,0.4882812201976776,73.33333587646484,873.0,1.0
1043.3175747,66294.0234375,66384.5078125,66979.6015625,66565.5546875,66513.5234375,66584.8671875,66771.90625,66883.484375,0.36181640625,0.905517578125,0.2412109375,-1.9226073026657104,-0.1831054538488388,0.5493163466453552,73.33333587646484,874.0,1.0
1043.3175808,67759.40625,67850.421875,68446.2265625,68031.828125,67979.34375,68050.875,68237.9140625,68349.671875,0.361328125,0.90625,0.2421875,-1.8920897245407104,-0.2441406100988388,0.5187987685203552,73.33333587646484,875.0,1.0
1043.3175832,71469.4375,71561.8828125,72161.09375,71744.2734375,71690.359375,71763.046875,71950.1796875,72062.03125,0.360107421875,0.906494140625,0.237548828125,-1.8005369901657104,-0.1220703050494194,0.5798339247703552,73.33333587646484,876.0,1.0
1043.3207452,70608.359375,70700.625,71299.65625,70882.9296875,70828.75,70901.703125,71088.4765625,71200.6796875,0.358642578125,0.907958984375,0.2373046875,-1.8615721464157104,-0.2746581733226776,0.5493163466453552,73.33333587646484,877.0,1.0
1043.3207543,66924.2578125,67015.359375,67611.2578125,67196.765625,67144.109375,67215.71875,67402.4921875,67514.609375,0.35986328125,0.90966796875,0.234375,-1.7700194120407104,-0.2136230319738388,0.4272460639476776,73.33333587646484,878.0,1.0
1043.3226633,67439.328125,67530.6171875,68126.8671875,67712.109375,67659.4453125,67730.9765625,67917.8359375,68029.59375,0.35888671875,0.908935546875,0.236572265625,-1.6784666776657104,-0.1831054538488388,0.4577636420726776,73.33333587646484,879.0,1.0
1043.3301487,71323.4375,71415.8828125,72015.984375,71598.71875,71544.2734375,71617.2265625,71804.359375,71916.5625,0.36083984375,0.90966796875,0.2373046875,-1.7089842557907104,-0.2441406100988388,0.4272460639476776,73.33333587646484,880.0,1.0
1043.333969,71434.65625,71527.4609375,72126.7578125,71710.125,71655.3125,71728.453125,71915.671875,72027.9609375,0.361328125,0.907958984375,0.237060546875,-1.6479490995407104,-0.2746581733226776,0.4577636420726776,73.33333587646484,881.0,1.0
1043.3482357,67699.0546875,67790.609375,68386.328125,67971.9296875,67918.640625,67990.96875,68177.3828125,68289.5,0.361083984375,0.908935546875,0.236572265625,-1.8005369901657104,-0.1831054538488388,0.3967284858226776,73.33333587646484,882.0,1.0
1043.348243,67233.6015625,67324.6171875,67920.0703125,67506.203125,67453.1875,67524.890625,67711.5703125,67823.8671875,0.360595703125,0.910400390625,0.23486328125,-1.8310545682907104,-0.2136230319738388,0.3051757514476776,73.33333587646484,883.0,1.0
1043.350151,71041.0859375,71133.359375,71732.3828125,71315.8359375,71261.8359375,71335.0625,71521.6484375,71633.859375,0.361083984375,0.90966796875,0.23095703125,-1.7395018339157104,-0.1220703050494194,0.4577636420726776,73.33333587646484,884.0,1.0
1043.3532307,72129.4375,72221.796875,72822.078125,72404.3671875,72350.0078125,72423.765625,72610.359375,72722.5625,0.359619140625,0.910888671875,0.232421875,-1.7700194120407104,-0.2441406100988388,0.5187987685203552,73.33333587646484,885.0,1.0
1043.3532377,68594.734375,68686.2890625,69283.078125,68867.78125,68814.6796875,68887.09375,69073.6875,69185.890625,0.36083984375,0.910400390625,0.2333984375,-1.7395018339157104,-0.1831054538488388,0.4882812201976776,73.33333587646484,886.0,1.0
1043.3551438,67181.65625,67273.296875,67868.390625,67454.2578125,67401.5078125,67473.5703125,67659.8984375,67771.921875,0.35888671875,0.91064453125,0.231201171875,-1.7395018339157104,-0.1220703050494194,0.5493163466453552,73.33333587646484,887.0,1.0
1043.3676506,70665.1328125,70757.578125,71356.0703125,70939.609375,70885.703125,70958.921875,71145.0703125,71257.6328125,0.359619140625,0.911376953125,0.230224609375,-1.7395018339157104,-0.3051757514476776,0.4577636420726776,73.33333587646484,888.0,1.0
1043.3707368,72658.5546875,72751.53125,73351.9921875,72934.1015625,72879.65625,72953.328125,73139.921875,73252.3046875,0.359619140625,0.91259765625,0.232177734375,-1.8005369901657104,-0.2441406100988388,0.6103515028953552,73.33333587646484,889.0,1.0
1043.3707443,69562.1171875,69654.1171875,70251.890625,69836.0625,69782.7734375,69855.5546875,70042.0546875,70153.9921875,0.359619140625,0.913818359375,0.23291015625,-1.7700194120407104,-0.2746581733226776,0.6103515028953552,73.33333587646484,890.0,1.0
1043.3726545,67299.3203125,67390.3359375,67986.5,67571.921875,67519.6171875,67591.5,67778.0,67889.9375,0.35986328125,0.91259765625,0.228271484375,-1.8920897245407104,-0.1831054538488388,0.6713866591453552,73.33333587646484,891.0,1.0
1043.381402,70236.6953125,70328.78125,70927.2734375,70511.0859375,70457.53125,70530.7578125,70716.8125,70829.1953125,0.359375,0.914794921875,0.22998046875,-1.8005369901657104,-0.1525878757238388,0.6408690810203552,73.33333587646484,892.0,1.0
1043.388246,73008.21875,73101.4765625,73702.0234375,73283.953125,73230.0390625,73303.53125,73489.859375,73602.2421875,0.359375,0.914306640625,0.23095703125,-1.8310545682907104,-0.2136230319738388,0.6408690810203552,73.33333587646484,893.0,1.0
1043.3882532,70553.4609375,70645.9140625,71244.671875,70828.390625,70774.390625,70847.34375,71033.671875,71145.6953125,0.360595703125,0.91259765625,0.228759765625,-1.9531248807907104,-0.2746581733226776,0.6408690810203552,73.33333587646484,894.0,1.0
1043.390148,67598.6484375,67690.296875,68286.4609375,67872.0625,67818.859375,67891.1953125,68077.0703125,68189.453125,0.360107421875,0.9140625,0.2314453125,-1.9226073026657104,-0.2746581733226776,0.7324218153953552,73.33333587646484,895.0,1.0
1043.3993389,69801.28125,69893.1015625,70491.1484375,70075.046875,70021.8515625,70094.5390625,70280.59375,70392.796875,0.3583984375,0.91455078125,0.231689453125,-1.9836424589157104,-0.2746581733226776,0.6408690810203552,73.33333587646484,896.0,1.0
1043.3993469,73173.984375,73266.875,73867.6875,73449.53125,73395.625,73469.1171875,73655.53125,73767.734375,0.361572265625,0.914306640625,0.229736328125,-1.9836424589157104,-0.1831054538488388,0.7019042372703552,73.33333587646484,897.0,1.0
1043.4051537,71529.875,71622.5,72222.15625,71804.890625,71751.25,71824.0234375,72010.7109375,72122.9140625,0.36083984375,0.914306640625,0.228759765625,-1.9836424589157104,-0.2136230319738388,0.8239745497703552,73.33333587646484,898.0,1.0
1043.4076577,68080.375,68171.75,68768.1875,68353.4296875,68300.5,68372.5625,68559.421875,68671.0859375,0.3583984375,0.91357421875,0.229248046875,-1.9836424589157104,-0.3356933295726776,0.7629393935203552,73.33333587646484,899.0,1.0
1043.410166,69409.140625,69500.7890625,70098.1171875,69682.640625,69629.625,69702.1328125,69888.453125,70000.390625,0.360595703125,0.913330078125,0.23095703125,-2.105712652206421,-0.3051757514476776,0.7934569716453552,73.33333587646484,900.0,1.0
1043.418972,73163.1640625,73255.8828125,73856.515625,73438.625,73384.265625,73458.203125,73644.6171875,73756.5546875,0.360107421875,0.912353515625,0.229248046875,-2.197265386581421,-0.2441406100988388,0.8239745497703552,73.33333587646484,901.0,1.0
1043.4220137,72443.703125,72536.6015625,73136.703125,72719.171875,72664.8984375,72738.65625,72924.890625,73036.5625,0.360107421875,0.912353515625,0.232666015625,-2.197265386581421,-0.2441406100988388,0.6713866591453552,73.33333587646484,902.0,1.0
1043.4220205,68731.4375,68823.078125,69420.40625,69005.1171875,68951.6484375,69023.9765625,69210.5703125,69322.421875,0.36083984375,0.9130859375,0.232421875,-2.166747808456421,-0.2441406100988388,0.7324218153953552,73.33333587646484,903.0,1.0
1043.4326522,69098.546875,69190.3671875,69787.9609375,69372.3046875,69318.84375,69391.3515625,69577.765625,69689.8828125,0.361328125,0.912109375,0.234619140625,-2.075195074081421,-0.2441406100988388,0.8544921278953552,73.33333587646484,904.0,1.0
1043.4357317,72992.21875,73084.6640625,73685.2109375,73267.4140625,73213.4140625,73286.9921875,73473.2265625,73585.4296875,0.360595703125,0.909912109375,0.230712890625,-2.136230230331421,-0.1831054538488388,0.8239745497703552,73.33333587646484,905.0,1.0
1043.4357391,73252.8359375,73345.8203125,73946.4609375,73528.484375,73474.4765625,73548.0625,73734.4765625,73846.5,0.361572265625,0.9111328125,0.23193359375,-2.136230230331421,-0.2746581733226776,0.8544921278953552,73.33333587646484,906.0,1.0
1043.4376501,69526.53125,69618.625,70216.1328125,69800.390625,69747.4609375,69819.7890625,70006.0234375,70118.0546875,0.362060546875,0.91162109375,0.230224609375,-2.044677495956421,-0.2746581733226776,0.8239745497703552,73.33333587646484,907.0,1.0
1043.4463953,68912.1328125,69003.859375,69601.0078125,69185.890625,69132.7890625,69205.03125,69391.265625,69503.2890625,0.360595703125,0.91015625,0.234619140625,-2.044677495956421,-0.1220703050494194,0.7934569716453552,73.33333587646484,908.0,1.0
1043.4494919,72691.3671875,72784.1640625,73384.4453125,72966.6484375,72912.828125,72986.140625,73172.28125,73284.9375,0.3603515625,0.91015625,0.236083984375,-2.136230230331421,-0.2136230319738388,0.8239745497703552,73.33333587646484,909.0,1.0
1043.449499,73921.15625,74014.3203125,74615.7578125,74197.0625,74143.15625,74216.6484375,74402.7890625,74515.7109375,0.360107421875,0.909912109375,0.2333984375,-2.105712652206421,-0.2136230319738388,0.7934569716453552,73.33333587646484,910.0,1.0
1043.4514224,70435.359375,70527.4453125,71126.5625,70710.015625,70656.7265625,70729.0625,70915.46875,71027.859375,0.36083984375,0.909912109375,0.2353515625,-2.075195074081421,-0.2746581733226776,0.7629393935203552,73.33333587646484,911.0,1.0
1043.4657253,68880.390625,68972.2109375,69569.71875,69153.9765625,69100.9609375,69173.109375,69359.609375,69471.90625,0.361328125,0.9091796875,0.234619140625,-2.014159917831421,-0.1831054538488388,0.7324218153953552,73.33333587646484,912.0,1.0
1043.4657325,72294.3984375,72387.5546875,72987.4765625,72569.7734375,72515.859375,72588.9921875,72775.5859375,72888.0625,0.36279296875,0.90966796875,0.23583984375,-2.075195074081421,-0.1831054538488388,0.7629393935203552,73.33333587646484,913.0,1.0
1043.467645,74417.453125,74511.15625,75112.6796875,74693.8125,74639.453125,74713.5703125,74899.8046875,75012.1015625,0.36083984375,0.90869140625,0.23388671875,-2.014159917831421,-0.1525878757238388,0.7019042372703552,73.33333587646484,914.0,1.0
1043.4701604,71400.953125,71493.84375,72092.78125,71676.1484375,71622.234375,71695.28125,71882.140625,71993.8984375,0.3603515625,0.908447265625,0.235107421875,-2.105712652206421,-0.0610351525247097,0.6713866591453552,73.33333587646484,915.0,1.0
1043.4739688,69017.1796875,69109.2734375,69706.421875,69291.125,69237.5703125,69310.078125,69496.765625,69608.609375,0.361572265625,0.908447265625,0.236572265625,-2.075195074081421,-0.1220703050494194,0.6408690810203552,73.33333587646484,916.0,1.0
1043.4882304,71850.3125,71943.1171875,72542.59375,72125.4140625,72071.5078125,72144.8203125,72331.4140625,72443.171875,0.35986328125,0.908935546875,0.235107421875,-2.075195074081421,-0.1525878757238388,0.7019042372703552,73.33333587646484,917.0,1.0
1043.4882377,74730.203125,74823.6328125,75425.25,75006.2890625,74951.84375,75026.140625,75212.640625,75324.7578125,0.36083984375,0.910888671875,0.234375,-2.044677495956421,-0.1831054538488388,0.5798339247703552,73.33333587646484,918.0,1.0
1043.4901405,72388.2734375,72481.1640625,73081.1796875,72663.828125,72609.46875,72683.3203125,72869.640625,72981.6640625,0.359130859375,0.91064453125,0.233642578125,-2.014159917831421,-0.2746581733226776,0.5798339247703552,73.33333587646484,919.0,1.0
1043.5088313,69341.375,69433.375,70031.234375,69615.3125,69561.671875,69634.71875,69820.859375,69933.0703125,0.361328125,0.9111328125,0.232177734375,-1.9531248807907104,-0.1831054538488388,0.6408690810203552,73.33333587646484,920.0,1.0
1043.5088382,71413.828125,71506.359375,72105.65625,71688.6640625,71634.9296875,71708.0625,71894.4765625,72006.8671875,0.360107421875,0.91064453125,0.234130859375,-2.014159917831421,-0.1525878757238388,0.6408690810203552,73.33333587646484,921.0,1.0
1043.508841,74859.0390625,74952.9140625,75554.3515625,75135.484375,75081.2109375,75155.1484375,75341.65625,75454.3046875,0.36083984375,0.90966796875,0.232666015625,-2.014159917831421,-0.2746581733226776,0.5187987685203552,73.33333587646484,922.0,1.0
1043.5120136,73354.2265625,73447.65625,74047.578125,73629.9609375,73575.8671875,73649.359375,73835.859375,73948.15625,0.359619140625,0.908447265625,0.2333984375,-1.9836424589157104,-0.1831054538488388,0.5187987685203552,73.33333587646484,923.0,1.0
1043.5120199,69847.1484375,69939.1484375,70537.1015625,70121.4453125,70067.625,70140.1328125,70326.90625,70439.203125,0.359619140625,0.909423828125,0.234375,-1.9836424589157104,-0.1831054538488388,0.4882812201976776,73.33333587646484,924.0,1.0
1043.5139714,71023.8359375,71116.1875,71715.3984375,71298.7578125,71244.671875,71317.625,71504.3046875,71616.6015625,0.3583984375,0.909423828125,0.236083984375,-2.014159917831421,-0.2746581733226776,0.4577636420726776,73.33333587646484,925.0,1.0
1043.5164026,74812.546875,74905.9765625,75507.6796875,75088.9921875,75034.2734375,75108.484375,75294.8984375,75407.546875,0.358642578125,0.907958984375,0.23486328125,-1.9531248807907104,-0.2136230319738388,0.4272460639476776,73.33333587646484,926.0,1.0
1043.5189684,74244.453125,74337.8828125,74938.96875,74520.71875,74466.09375,74539.9453125,74726.4453125,74839.1875,0.35888671875,0.908447265625,0.2333984375,-1.8920897245407104,-0.2136230319738388,0.5798339247703552,73.33333587646484,927.0,1.0
1043.5226441,70514.8359375,70607.1953125,71205.6015625,70789.140625,70735.5,70808.453125,70995.3125,71107.4296875,0.359619140625,0.91162109375,0.232177734375,-1.8920897245407104,-0.1220703050494194,0.5798339247703552,73.33333587646484,928.0,1.0
1043.5320122,70724.859375,70816.859375,71415.5234375,70999.0703125,70945.6015625,71018.46875,71205.1484375,71317.0,0.356689453125,0.909912109375,0.23486328125,-1.8920897245407104,-0.1220703050494194,0.5798339247703552,73.33333587646484,929.0,1.0
1043.5320193,74608.609375,74701.9453125,75303.5703125,74884.9609375,74830.3359375,74904.6328125,75091.046875,75203.4296875,0.35791015625,0.91015625,0.238525390625,-1.9226073026657104,-0.1831054538488388,0.6713866591453552,73.33333587646484,930.0,1.0
1043.5339696,75020.5078125,75113.84375,75715.734375,75296.7734375,75242.140625,75316.53125,75502.8515625,75615.5078125,0.357421875,0.909912109375,0.239013671875,-1.8920897245407104,-0.1831054538488388,0.7019042372703552,73.33333587646484,931.0,1.0
1043.5401468,71320.21875,71412.3984375,72011.6015625,71594.6953125,71541.140625,71613.921875,71800.6015625,71913.078125,0.357666015625,0.90869140625,0.24072265625,-1.8920897245407104,-0.0915527269244194,0.6713866591453552,73.33333587646484,932.0,1.0
1043.5494841,70554.625,70646.71875,71245.3828125,70828.75,70775.640625,70848.2421875,71034.828125,71147.3046875,0.356689453125,0.908935546875,0.236572265625,-1.9226073026657104,-0.1831054538488388,0.6103515028953552,73.33333587646484,933.0,1.0
1043.5494922,74281.734375,74374.984375,74976.515625,74558.0,74503.8203125,74577.5859375,74764.265625,74876.9140625,0.358154296875,0.908447265625,0.23779296875,-1.9226073026657104,-0.1831054538488388,0.6713866591453552,73.33333587646484,934.0,1.0
1043.5520141,75654.671875,75748.546875,76350.703125,75931.6484375,75877.0234375,75951.5859375,76137.9140625,76250.296875,0.359375,0.91064453125,0.237060546875,-1.9531248807907104,-0.2441406100988388,0.5798339247703552,73.33333587646484,935.0,1.0
1043.5520208,72231.2734375,72324.171875,72923.734375,72506.203125,72452.375,72526.140625,72712.640625,72824.671875,0.36083984375,0.91015625,0.238037109375,-2.044677495956421,-0.2746581733226776,0.5798339247703552,73.33333587646484,936.0,1.0
1043.5601402,70542.2890625,70634.5546875,71232.953125,70816.40625,70763.3046875,70836.078125,71022.1328125,71135.1484375,0.35791015625,0.91015625,0.235107421875,-2.044677495956421,-0.1525878757238388,0.7019042372703552,73.33333587646484,937.0,1.0
1043.5644923,73871.0,73964.6953125,74565.78125,74147.359375,74093.0859375,74167.0234375,74353.078125,74465.6484375,0.360107421875,0.908935546875,0.2333984375,-1.9226073026657104,-0.1525878757238388,0.7629393935203552,73.33333587646484,938.0,1.0
1043.5644982,76117.9765625,76212.390625,76814.9921875,76395.3125,76340.421875,76415.078125,76601.484375,76714.140625,0.360107421875,0.909912109375,0.234619140625,-2.044677495956421,-0.3356933295726776,0.7324218153953552,73.33333587646484,939.0,1.0
1043.5676459,73201.4296875,73294.4140625,73895.2265625,73477.1640625,73422.8046875,73496.4765625,73682.890625,73795.6328125,0.35888671875,0.90869140625,0.2353515625,-2.014159917831421,-0.2746581733226776,0.7324218153953552,73.33333587646484,940.0,1.0
1043.5763869,70706.078125,70798.3515625,71397.109375,70980.7421875,70927.0078125,70999.6953125,71186.1953125,71298.578125,0.3603515625,0.9111328125,0.233642578125,-2.044677495956421,-0.3051757514476776,0.7629393935203552,73.33333587646484,941.0,1.0
1043.5807254,73425.125,73518.1953125,74119.1015625,73700.9453125,73646.5,73720.3515625,73906.765625,74019.5078125,0.36279296875,0.909423828125,0.234375,-2.044677495956421,-0.2136230319738388,0.7934569716453552,73.33333587646484,942.0,1.0
1043.5807311,76398.53125,76492.4140625,77094.921875,76675.515625,76620.265625,76695.3671875,76881.6875,76994.703125,0.363037109375,0.910888671875,0.233642578125,-2.044677495956421,-0.2746581733226776,0.7629393935203552,73.33333587646484,943.0,1.0
1043.5913892,74182.8515625,74276.546875,74877.71875,74459.1171875,74404.9375,74478.609375,74664.9296875,74777.8515625,0.361328125,0.908935546875,0.235107421875,-1.9836424589157104,-0.2441406100988388,0.7019042372703552,73.33333587646484,944.0,1.0
1043.5944762,71051.1015625,71143.8203125,71742.9375,71326.1171875,71272.203125,71345.25,71531.484375,71643.9609375,0.36181640625,0.90869140625,0.2353515625,-1.9531248807907104,-0.2746581733226776,0.7629393935203552,73.33333587646484,945.0,1.0
1043.5944825,72984.796875,73077.8671875,73678.1484375,73260.703125,73206.2578125,73280.015625,73466.078125,73578.4609375,0.361328125,0.909423828125,0.233642578125,-1.9226073026657104,-0.2441406100988388,0.7934569716453552,73.33333587646484,946.0,1.0
1043.5963911,76492.6796875,76586.0234375,77188.7109375,76769.6640625,76714.859375,76789.6875,76975.5703125,77088.0390625,0.361328125,0.91162109375,0.23388671875,-1.8920897245407104,-0.2746581733226776,0.6713866591453552,73.33333587646484,947.0,1.0
1043.6051098,75130.4765625,75223.7265625,75825.5234375,75406.7421875,75352.3828125,75426.7734375,75612.2890625,75725.296875,0.362060546875,0.91015625,0.2373046875,-1.9226073026657104,-0.1220703050494194,0.6408690810203552,73.33333587646484,948.0,1.0
1043.6080809,71576.0078125,71668.640625,72268.203125,71851.1171875,71797.1171875,71870.0703125,72056.21875,72168.8671875,0.363037109375,0.910400390625,0.23681640625,-1.8920897245407104,-0.3051757514476776,0.6408690810203552,73.33333587646484,949.0,1.0
1043.6080865,72599.6328125,72692.6171875,73292.625,72874.9140625,72820.5546875,72894.046875,73080.28125,73192.9375,0.363037109375,0.90966796875,0.237548828125,-1.9226073026657104,-0.2136230319738388,0.6103515028953552,73.33333587646484,950.0,1.0
1043.6139681,76412.6640625,76507.078125,77109.40625,76689.734375,76634.8359375,76709.671875,76895.90625,77008.46875,0.362060546875,0.91064453125,0.23046875,-1.9836424589157104,-0.2441406100988388,0.7324218153953552,73.33333587646484,951.0,1.0
1043.616395,75999.15625,76093.65625,76695.8125,76276.5859375,76221.421875,76296.25,76482.484375,76595.2265625,0.361328125,0.91064453125,0.23095703125,-2.044677495956421,-0.2746581733226776,0.7934569716453552,73.33333587646484,952.0,1.0
1043.6226429,72262.2109375,72355.1015625,72954.9375,72537.9375,72483.40625,72556.984375,72743.21875,72855.3359375,0.364501953125,0.909912109375,0.22900390625,-2.014159917831421,-0.2441406100988388,0.7019042372703552,73.33333587646484,953.0,1.0
1043.6270105,72313.0859375,72406.15625,73005.8046875,72588.7265625,72534.453125,72608.0390625,72794.1796875,72906.5625,0.363525390625,0.9111328125,0.228515625,-2.014159917831421,-0.1525878757238388,0.7934569716453552,73.33333587646484,954.0,1.0
1043.6270162,76185.03125,76279.1796875,76881.78125,76462.28125,76407.3828125,76481.953125,76668.3671875,76781.015625,0.36181640625,0.91162109375,0.232666015625,-1.9226073026657104,-0.2441406100988388,0.7019042372703552,73.33333587646484,955.0,1.0
1043.6351403,76753.125,76847.4453125,77450.40625,77031.1796875,76976.1015625,77050.578125,77236.9921875,77349.5546875,0.36083984375,0.9111328125,0.236328125,-1.9836424589157104,-0.1220703050494194,0.7324218153953552,73.33333587646484,956.0,1.0
1043.6394749,73081.8046875,73175.140625,73775.6875,73357.890625,73303.4453125,73377.1171875,73563.2578125,73675.734375,0.3623046875,0.91162109375,0.234130859375,-1.9531248807907104,-0.1831054538488388,0.6713866591453552,73.33333587646484,957.0,1.0
1043.6394799,72159.5703125,72252.640625,72852.4765625,72435.125,72380.8515625,72454.2578125,72640.4921875,72753.0546875,0.361572265625,0.912109375,0.2373046875,-2.044677495956421,-0.2441406100988388,0.7019042372703552,73.33333587646484,958.0,1.0
1043.653227,75836.609375,75930.7578125,76533.1796875,76113.5078125,76059.234375,76133.265625,76319.765625,76432.328125,0.3603515625,0.91162109375,0.235595703125,-1.9531248807907104,-0.0915527269244194,0.6713866591453552,73.33333587646484,959.0,1.0
1043.6532333,77355.1015625,77449.78125,78053.1015625,77632.796875,77578.2578125,77652.9140625,77839.4140625,77951.8046875,0.361083984375,0.910400390625,0.2333984375,-2.014159917831421,-0.1525878757238388,0.6713866591453552,73.33333587646484,960.0,1.0
1043.6576669,73994.203125,74087.453125,74688.625,74269.9296875,74216.203125,74289.9609375,74476.375,74588.3984375,0.36279296875,0.908447265625,0.237548828125,-1.9836424589157104,-0.2746581733226776,0.7324218153953552,73.33333587646484,961.0,1.0
1043.6601455,72164.3125,72256.578125,72856.6796875,72439.1484375,72385.7734375,72458.9921875,72645.2265625,72757.1640625,0.362548828125,0.90771484375,0.23486328125,-1.9226073026657104,-0.3967284858226776,0.7629393935203552,73.33333587646484,962.0,1.0
1043.662639,75414.4296875,75507.859375,76110.46875,75691.1484375,75636.4296875,75711.171875,75897.2265625,76009.4375,0.36279296875,0.908935546875,0.238037109375,-2.014159917831421,-0.2136230319738388,0.6713866591453552,73.33333587646484,963.0,1.0
1043.6688899,77784.7890625,77879.203125,78483.0546875,78062.6640625,78007.1484375,78082.6953125,78268.6640625,78381.046875,0.36083984375,0.908203125,0.23486328125,-2.014159917831421,-0.2441406100988388,0.7019042372703552,73.33333587646484,964.0,1.0
1043.6720098,74959.9765625,75053.40625,75655.7421875,75236.78125,75181.9765625,75255.9140625,75442.59375,75554.890625,0.36083984375,0.90966796875,0.235107421875,-1.9531248807907104,-0.1831054538488388,0.5798339247703552,73.33333587646484,965.0,1.0
1043.6720148,72348.84375,72441.0234375,73041.65625,72624.484375,72569.9453125,72642.9921875,72829.6796875,72941.8828125,0.361328125,0.911865234375,0.2333984375,-1.9226073026657104,-0.2746581733226776,0.5798339247703552,73.33333587646484,966.0,1.0
1043.680139,74959.171875,75052.3359375,75654.9375,75236.2421875,75181.171875,75255.1953125,75441.703125,75553.9921875,0.3603515625,0.910888671875,0.232177734375,-1.9531248807907104,-0.1831054538488388,0.5798339247703552,73.33333587646484,967.0,1.0
1043.6844828,78031.28125,78125.7890625,78729.734375,78309.34375,78254.0,78328.828125,78515.515625,78627.8984375,0.3603515625,0.910400390625,0.2314453125,-1.9226073026657104,-0.1831054538488388,0.5187987685203552,73.33333587646484,968.0,1.0
1043.684488,75932.1015625,76025.8828125,76628.3984375,76208.9921875,76154.2734375,76228.125,76415.078125,76527.3671875,0.361572265625,0.90966796875,0.232666015625,-1.9226073026657104,-0.2136230319738388,0.5798339247703552,73.33333587646484,969.0,1.0
1043.6864323,72715.234375,72808.484375,73408.671875,72991.1484375,72936.875,73010.0078125,73196.8671875,73308.8046875,0.361083984375,0.91015625,0.234619140625,-1.8920897245407104,-0.1831054538488388,0.5798339247703552,73.33333587646484,970.0,1.0
1043.7114326,74516.6953125,74610.484375,75212.375,74793.4140625,74738.9609375,74812.8984375,74999.4921875,75111.7890625,0.35888671875,0.91015625,0.234130859375,-1.9226073026657104,-0.1525878757238388,0.5493163466453552,73.33333587646484,971.0,1.0
1043.716405,78091.90625,78186.3203125,78790.2578125,78369.8671875,78314.796875,78389.8984375,78575.859375,78688.6015625,0.35888671875,0.910888671875,0.234375,-1.9531248807907104,-0.1831054538488388,0.5493163466453552,73.33333587646484,972.0,1.0
1043.7189715,76864.8828125,76959.1171875,77562.5234375,77142.21875,77087.5078125,77162.3359375,77348.484375,77460.8671875,0.359130859375,0.911865234375,0.235595703125,-1.9226073026657104,-0.2441406100988388,0.5493163466453552,73.33333587646484,973.0,1.0
1043.7213885,73255.96875,73349.1328125,73950.5703125,73531.7890625,73477.6953125,73551.3671875,73737.6015625,73849.8125,0.357666015625,0.911376953125,0.236083984375,-1.9836424589157104,-0.3356933295726776,0.4882812201976776,73.33333587646484,974.0,1.0
1043.7239744,74135.640625,74228.359375,74830.421875,74411.5546875,74357.1953125,74431.3984375,74617.546875,74730.0234375,0.359375,0.910888671875,0.234619140625,-1.9226073026657104,-0.1831054538488388,0.5798339247703552,73.33333587646484,975.0,1.0
1043.7264075,77982.9140625,78077.421875,78681.1875,78260.7890625,78205.71875,78280.90625,78467.5,78579.8828125,0.358642578125,0.909423828125,0.232666015625,-1.9531248807907104,-0.1220703050494194,0.7019042372703552,73.33333587646484,976.0,1.0
1043.7289688,77713.265625,77807.859375,78411.0859375,77990.875,77935.7109375,78010.71875,78197.3125,78309.6953125,0.357177734375,0.91015625,0.23388671875,-1.8920897245407104,-0.2136230319738388,0.7019042372703552,73.33333587646484,977.0,1.0
1043.7313881,73958.4375,74051.6015625,74653.1328125,74234.703125,74179.6328125,74253.6640625,74440.078125,74552.1015625,0.3583984375,0.9111328125,0.23193359375,-1.9836424589157104,-0.2746581733226776,0.7324218153953552,73.33333587646484,978.0,1.0
1043.7339666,73862.4140625,73955.84375,74557.375,74139.21875,74084.4140625,74158.0859375,74344.3203125,74456.5234375,0.357177734375,0.912109375,0.234130859375,-1.9836424589157104,-0.2136230319738388,0.7629393935203552,73.33333587646484,979.0,1.0
1043.7364062,77725.6953125,77820.375,78423.6953125,78003.75,77948.671875,78023.5078125,78210.0078125,78322.6640625,0.35791015625,0.911865234375,0.2353515625,-1.9531248807907104,-0.2136230319738388,0.7629393935203552,73.33333587646484,980.0,1.0
1043.7394907,78438.0,78532.6796875,79136.4453125,78716.140625,78661.0703125,78736.078125,78922.5859375,79035.0546875,0.3583984375,0.91015625,0.232421875,-2.014159917831421,-0.2746581733226776,0.7324218153953552,73.33333587646484,981.0,1.0
1043.7394993,74787.953125,74881.5625,75483.71875,75064.671875,75010.046875,75083.8046875,75270.9296875,75382.78125,0.35791015625,0.91015625,0.235107421875,-2.044677495956421,-0.2746581733226776,0.7934569716453552,73.33333587646484,982.0,1.0
1043.7413981,73720.796875,73813.6015625,74415.578125,73997.0625,73942.5234375,74016.1953125,74202.6953125,74314.90625,0.35888671875,0.9111328125,0.236572265625,-2.136230230331421,-0.3662109076976776,0.7629393935203552,73.33333587646484,983.0,1.0
1043.7532208,77356.0859375,77450.140625,78053.90625,77634.046875,77578.703125,77653.6328125,77839.8671875,77952.6953125,0.359375,0.911865234375,0.235107421875,-2.105712652206421,-0.3051757514476776,0.8239745497703552,73.33333587646484,984.0,1.0
1043.7532282,79009.484375,79103.8125,79708.46875,79287.5390625,79232.2890625,79307.65625,79493.8046875,79606.453125,0.35791015625,0.9111328125,0.2353515625,-2.075195074081421,-0.1831054538488388,0.8239745497703552,73.33333587646484,985.0,1.0
1043.7551419,75709.03125,75802.546875,76405.1484375,75985.828125,75930.9375,76005.3203125,76191.2890625,76304.03125,0.358154296875,0.90966796875,0.23779296875,-2.075195074081421,-0.1525878757238388,0.6713866591453552,73.33333587646484,986.0,1.0
1043.7588918,73747.53125,73840.2421875,74441.6875,74023.2578125,73968.71875,74042.5703125,74228.8984375,74341.28125,0.357666015625,0.90966796875,0.236083984375,-2.044677495956421,-0.1525878757238388,0.5798339247703552,73.33333587646484,987.0,1.0
1043.7657277,76914.4140625,77008.2890625,77611.6953125,77191.75,77136.5,77211.515625,77397.5703125,77510.3984375,0.3583984375,0.910400390625,0.232177734375,-1.9226073026657104,-0.1220703050494194,0.6408690810203552,73.33333587646484,988.0,1.0
1043.7657353,79402.0703125,79496.7578125,80101.859375,79680.9296875,79625.234375,79701.046875,79887.015625,80000.1171875,0.358642578125,0.9111328125,0.232421875,-1.9531248807907104,-0.2746581733226776,0.7324218153953552,73.33333587646484,989.0,1.0
1043.7820121,76673.90625,76767.7890625,77371.28125,76951.4296875,76896.0859375,76971.2734375,77157.328125,77270.1640625,0.358642578125,0.911865234375,0.23388671875,-1.9531248807907104,-0.1831054538488388,0.7324218153953552,73.33333587646484,990.0,1.0
1043.7820189,73952.71875,74045.96875,74647.5859375,74228.8984375,74174.4453125,74248.4765625,74434.6171875,74547.1875,0.359375,0.911865234375,0.233642578125,-1.9226073026657104,-0.3051757514476776,0.7934569716453552,73.33333587646484,991.0,1.0
1043.7844761,76448.6015625,76542.4765625,77145.53125,76725.5859375,76670.78125,76745.5234375,76931.4921875,77044.3203125,0.360595703125,0.91064453125,0.232177734375,-2.014159917831421,-0.1831054538488388,0.8850097060203552,73.33333587646484,992.0,1.0
1043.7844809,79612.0,79707.1328125,80311.6953125,79890.1484375,79834.8046875,79910.796875,80096.8515625,80209.8671875,0.361083984375,0.90966796875,0.2314453125,-1.9531248807907104,-0.1831054538488388,0.7934569716453552,73.33333587646484,993.0,1.0
1043.7863896,77638.1640625,77732.3046875,78336.5234375,77915.234375,77860.6953125,77936.0625,78121.9453125,78235.046875,0.360595703125,0.91162109375,0.231201171875,-1.9226073026657104,-0.1525878757238388,0.7934569716453552,73.33333587646484,994.0,1.0
1043.7926393,74344.40625,74437.2109375,75039.8203125,74620.3203125,74566.2265625,74639.9921875,74826.1328125,74938.96875,0.363037109375,0.90966796875,0.23388671875,-1.9226073026657104,-0.3356933295726776,0.8850097060203552,73.33333587646484,995.0,1.0
1043.7970095,76009.703125,76103.3125,76706.09375,76286.421875,76232.1484375,76306.1796875,76492.5,76605.3359375,0.36083984375,0.909912109375,0.23583984375,-1.9226073026657104,-0.3662109076976776,0.8544921278953552,73.33333587646484,996.0,1.0
1043.7970149,79640.609375,79735.0234375,80339.6796875,79918.84375,79863.3203125,79939.0546875,80125.4609375,80238.296875,0.361083984375,0.909912109375,0.233642578125,-1.8920897245407104,-0.3662109076976776,0.8239745497703552,73.33333587646484,997.0,1.0
1043.8051613,78556.4609375,78650.7890625,79254.7265625,78834.515625,78779.4453125,78854.6328125,79040.9609375,79153.703125,0.362548828125,0.9091796875,0.2314453125,-1.8920897245407104,-0.3356933295726776,0.7629393935203552,73.33333587646484,998.0,1.0
1043.8144823,74910.625,75004.5,75606.2109375,75187.515625,75132.9765625,75206.7421875,75393.421875,75505.8984375,0.3603515625,0.909912109375,0.23388671875,-1.9836424589157104,-0.2746581733226776,0.7629393935203552,73.33333587646484,999.0,1.0
1043.8144903,75641.2578125,75734.8671875,76337.3828125,75918.2421875,75863.078125,75937.28125,76124.140625,76236.7109375,0.361328125,0.910888671875,0.235595703125,-2.044677495956421,-0.2746581733226776,0.7019042372703552,73.33333587646484,1000.0,1.0
1043.8191482,79503.28125,79598.0546875,80202.890625,79781.6953125,79726.0859375,79801.8984375,79988.40625,80101.328125,0.36181640625,0.908447265625,0.233154296875,-1.9226073026657104,-0.3051757514476776,0.6713866591453552,73.33333587646484,1001.0,1.0
1043.8191558,79385.7109375,79480.75,80084.6015625,79663.9453125,79608.78125,79684.5078125,79870.65625,79983.3984375,0.360595703125,0.909423828125,0.234130859375,-2.014159917831421,-0.2746581733226776,0.7324218153953552,73.33333587646484,1002.0,1.0
1043.8239696,75633.296875,75727.0859375,76329.6015625,75910.28125,75855.390625,75929.6875,76116.453125,76229.109375,0.3603515625,0.9111328125,0.236328125,-2.014159917831421,-0.2441406100988388,0.6408690810203552,73.33333587646484,1003.0,1.0
1043.8264033,75380.3671875,75474.3359375,76076.3125,75657.3515625,75602.3671875,75676.5703125,75863.5234375,75976.1796875,0.360595703125,0.91015625,0.23388671875,-1.9836424589157104,-0.2136230319738388,0.6713866591453552,73.33333587646484,1004.0,1.0
1043.8301357,79218.7890625,79313.9140625,79917.59375,79496.578125,79441.3203125,79517.046875,79703.4609375,79816.1171875,0.3603515625,0.9091796875,0.234130859375,-2.136230230331421,-0.3051757514476776,0.6103515028953552,73.33333587646484,1005.0,1.0
1043.8444768,80081.7421875,80177.140625,80781.171875,80360.15625,80304.8125,80380.8125,80567.1328125,80679.7890625,0.36279296875,0.909912109375,0.2333984375,-1.9531248807907104,-0.2136230319738388,0.7019042372703552,73.33333587646484,1006.0,1.0
1043.844484,76475.6015625,76570.015625,77172.7109375,76753.125,76698.3125,76772.7890625,76959.203125,77071.6796875,0.362060546875,0.910400390625,0.234619140625,-2.014159917831421,-0.2441406100988388,0.7324218153953552,73.33333587646484,1007.0,1.0
1043.8463944,75264.671875,75358.5546875,75960.796875,75541.5703125,75487.03125,75561.0625,75747.4765625,75859.765625,0.360107421875,0.9091796875,0.23681640625,-2.014159917831421,-0.1831054538488388,0.7019042372703552,73.33333587646484,1008.0,1.0
1043.8489655,78834.7890625,78929.46875,79533.5,79112.9296875,79058.03125,79133.3125,79319.3671875,79431.7578125,0.361572265625,0.9091796875,0.235107421875,-1.9836424589157104,-0.1831054538488388,0.7324218153953552,73.33333587646484,1009.0,1.0
1043.851386,80621.140625,80716.8046875,81321.640625,80900.1796875,80845.3671875,80921.09375,81107.328125,81219.71875,0.361328125,0.90966796875,0.234130859375,-1.8920897245407104,-0.2136230319738388,0.6408690810203552,73.33333587646484,1010.0,1.0
1043.860731,77398.375,77492.6953125,78096.28125,77676.25,77621.4453125,77696.1875,77882.9609375,77994.984375,0.360107421875,0.911865234375,0.231201171875,-2.014159917831421,-0.1831054538488388,0.6713866591453552,73.33333587646484,1011.0,1.0
1043.8607387,75311.6171875,75405.4921875,76007.9140625,75588.6875,75533.703125,75608.0,75794.859375,75906.9765625,0.3603515625,0.909912109375,0.2333984375,-1.9836424589157104,-0.3356933295726776,0.6408690810203552,73.33333587646484,1012.0,1.0
1043.8632378,78381.046875,78475.9921875,79079.4921875,78659.1015625,78603.7578125,78678.9453125,78865.8125,78978.4609375,0.361083984375,0.908935546875,0.233642578125,-1.9531248807907104,-0.2441406100988388,0.5187987685203552,73.33333587646484,1013.0,1.0
1043.8632455,80979.9296875,81075.328125,81680.0703125,81258.6953125,81203.265625,81279.3515625,81466.03125,81578.5078125,0.361572265625,0.908203125,0.2333984375,-2.014159917831421,-0.2136230319738388,0.5187987685203552,73.33333587646484,1014.0,1.0
1043.8713905,78357.890625,78452.3046875,79056.25,78635.765625,78580.78125,78655.96875,78842.4765625,78954.9453125,0.3623046875,0.90771484375,0.23583984375,-1.9836424589157104,-0.2441406100988388,0.6713866591453552,73.33333587646484,1015.0,1.0
1043.8757286,75539.6015625,75632.8515625,76235.3671875,75816.046875,75761.6875,75835.984375,76022.3984375,76134.515625,0.36181640625,0.910400390625,0.234130859375,-2.044677495956421,-0.2746581733226776,0.6408690810203552,73.33333587646484,1016.0,1.0
1043.8757357,77914.609375,78008.7578125,78612.7890625,78192.21875,78137.3203125,78212.421875,78398.8359375,78511.3984375,0.36083984375,0.91064453125,0.234375,-1.9836424589157104,-0.2136230319738388,0.6713866591453552,73.33333587646484,1017.0,1.0
1043.8776373,81157.0390625,81252.6171875,81857.8125,81436.171875,81380.7421875,81456.734375,81643.0546875,81756.25,0.361083984375,0.91162109375,0.2333984375,-1.9531248807907104,-0.1220703050494194,0.5798339247703552,73.33333587646484,1018.0,1.0
1043.8891432,79311.4140625,79406.3671875,80010.578125,79589.734375,79534.484375,79610.3046875,79796.4453125,79909.1875,0.361083984375,0.909912109375,0.23193359375,-2.014159917831421,-0.1831054538488388,0.6103515028953552,73.33333587646484,1019.0,1.0
1043.8920114,75951.3203125,76045.46875,76648.0703125,76228.390625,76173.2265625,76248.328125,76434.7421875,76546.953125,0.3603515625,0.90966796875,0.234619140625,-2.044677495956421,-0.2441406100988388,0.6408690810203552,73.33333587646484,1020.0,1.0
1043.8920172,77474.7265625,77568.9609375,78172.0078125,77751.890625,77696.7265625,77772.0078125,77958.59375,78071.3359375,0.35986328125,0.90869140625,0.238037109375,-2.014159917831421,-0.1831054538488388,0.6408690810203552,73.33333587646484,1021.0,1.0
1043.8976464,81149.890625,81245.2890625,81850.125,81429.015625,81373.140625,81449.40625,81635.640625,81748.9140625,0.358642578125,0.908203125,0.2392578125,-1.9836424589157104,-0.2746581733226776,0.6408690810203552,73.33333587646484,1022.0,1.0
1043.9013869,80209.4140625,80304.3671875,80908.8515625,80488.0078125,80432.21875,80508.3984375,80694.71875,80808.0859375,0.3583984375,0.9091796875,0.237548828125,-1.9836424589157104,-0.2441406100988388,0.7019042372703552,73.33333587646484,1023.0,1.0
1043.913225,76531.75,76625.71875,77228.40625,76809.0,76753.5703125,76828.671875,77015.171875,77127.9140625,0.359375,0.910400390625,0.239501953125,-2.075195074081421,-0.2136230319738388,0.7324218153953552,73.33333587646484,1024.0,1.0
1043.9132327,77111.8203125,77205.7890625,77808.6640625,77389.25,77333.640625,77409.1015625,77595.421875,77707.8984375,0.362060546875,0.908935546875,0.236572265625,-1.9836424589157104,-0.1525878757238388,0.7019042372703552,73.33333587646484,1025.0,1.0
1043.9325759,80981.625,81076.84375,81681.6796875,81260.7578125,81205.140625,81281.5859375,81467.4609375,81580.4765625,0.36181640625,0.912109375,0.2353515625,-1.9226073026657104,-0.2136230319738388,0.5798339247703552,73.33333587646484,1026.0,1.0
1043.9325843,81011.0390625,81106.3515625,81710.921875,81289.8984375,81234.3828125,81310.5546875,81497.0546875,81609.7109375,0.35888671875,0.909423828125,0.236572265625,-1.9226073026657104,-0.1831054538488388,0.6713866591453552,73.33333587646484,1027.0,1.0
1043.932588,77265.15625,77359.2109375,77962.265625,77542.3203125,77487.15625,77562.4375,77748.8515625,77861.5,0.359130859375,0.906982421875,0.23681640625,-2.014159917831421,-0.2746581733226776,0.6103515028953552,73.33333587646484,1028.0,1.0
1043.9363293,76863.984375,76957.59375,77560.828125,77141.328125,77085.8984375,77161.1796875,77347.4140625,77459.796875,0.359619140625,0.90625,0.236328125,-1.9531248807907104,-0.2136230319738388,0.6713866591453552,73.33333587646484,1029.0,1.0
1043.9363464,80676.2109375,80770.984375,81376.1796875,80954.8046875,80899.28125,80975.6328125,81161.78125,81274.703125,0.359130859375,0.908447265625,0.23291015625,-1.8310545682907104,-0.2746581733226776,0.6103515028953552,73.33333587646484,1030.0,1.0
1043.9363492,81681.234375,81776.6328125,82381.828125,81960.1875,81904.6640625,81981.375,82167.609375,82280.3515625,0.3603515625,0.909423828125,0.233642578125,-1.9531248807907104,-0.2746581733226776,0.6103515028953552,73.33333587646484,1031.0,1.0
1043.93913,78113.71875,78207.7734375,78811.5390625,78391.328125,78336.25,78411.625,78597.9453125,78710.2421875,0.35986328125,0.908935546875,0.233154296875,-1.8920897245407104,-0.2441406100988388,0.7629393935203552,73.33333587646484,1032.0,1.0
